Response ID,Status,End Date,Link,Link Expiration
1008,Email Not Sent Yet,,https://duke.qualtrics.com/jfe/form/SV_2taVOzuxlLXsatU?Q_DL=OqTBDsvaWlRLyNs_2taVOzuxlLXsatU_MLRP_1FHl2Zw1EnKm4ya&Q_CHL=gl,6/30/22 9:40
1015,Email Not Sent Yet,,https://duke.qualtrics.com/jfe/form/SV_2taVOzuxlLXsatU?Q_DL=OqTBDsvaWlRLyNs_2taVOzuxlLXsatU_MLRP_4Vf9Gg1vBpK70Vg&Q_CHL=gl,6/30/22 9:40
1022,Email Not Sent Yet,,https://duke.qualtrics.com/jfe/form/SV_2taVOzuxlLXsatU?Q_DL=OqTBDsvaWlRLyNs_2taVOzuxlLXsatU_MLRP_3Dvxz6WZuGcqlFQ&Q_CHL=gl,6/30/22 9:40
1043,Email Not Sent Yet,,https://duke.qualtrics.com/jfe/form/SV_2taVOzuxlLXsatU?Q_DL=OqTBDsvaWlRLyNs_2taVOzuxlLXsatU_MLRP_0qSsFIbnSe7BC4e&Q_CHL=gl,6/30/22 9:40
1118,Email Not Sent Yet,,https://duke.qualtrics.com/jfe/form/SV_2taVOzuxlLXsatU?Q_DL=OqTBDsvaWlRLyNs_2taVOzuxlLXsatU_MLRP_ezccJqtmC51RxT8&Q_CHL=gl,6/30/22 9:40
1127,Email Not Sent Yet,,https://duke.qualtrics.com/jfe/form/SV_2taVOzuxlLXsatU?Q_DL=OqTBDsvaWlRLyNs_2taVOzuxlLXsatU_MLRP_1NxtI3CLN9OL7Ei&Q_CHL=gl,6/30/22 9:40
1197,Email Not Sent Yet,,https://duke.qualtrics.com/jfe/form/SV_2taVOzuxlLXsatU?Q_DL=OqTBDsvaWlRLyNs_2taVOzuxlLXsatU_MLRP_8e7h0d7TN15LBxs&Q_CHL=gl,6/30/22 9:40
1198,Email Not Sent Yet,,https://duke.qualtrics.com/jfe/form/SV_2taVOzuxlLXsatU?Q_DL=OqTBDsvaWlRLyNs_2taVOzuxlLXsatU_MLRP_0OrhwqNtr7q7hcO&Q_CHL=gl,6/30/22 9:40
1212,Email Not Sent Yet,,https://duke.qualtrics.com/jfe/form/SV_2taVOzuxlLXsatU?Q_DL=OqTBDsvaWlRLyNs_2taVOzuxlLXsatU_MLRP_6lo4eRPOmmMBtFI&Q_CHL=gl,6/30/22 9:40
1222,Email Not Sent Yet,,https://duke.qualtrics.com/jfe/form/SV_2taVOzuxlLXsatU?Q_DL=OqTBDsvaWlRLyNs_2taVOzuxlLXsatU_MLRP_bpiuTwLdOuQA1YW&Q_CHL=gl,6/30/22 9:40
1229,Email Not Sent Yet,,https://duke.qualtrics.com/jfe/form/SV_2taVOzuxlLXsatU?Q_DL=OqTBDsvaWlRLyNs_2taVOzuxlLXsatU_MLRP_a4ch7uafX2KZOCO&Q_CHL=gl,6/30/22 9:40
1234,Email Not Sent Yet,,https://duke.qualtrics.com/jfe/form/SV_2taVOzuxlLXsatU?Q_DL=OqTBDsvaWlRLyNs_2taVOzuxlLXsatU_MLRP_79t5KKryylCBOGq&Q_CHL=gl,6/30/22 9:40
1247,Email Not Sent Yet,,https://duke.qualtrics.com/jfe/form/SV_2taVOzuxlLXsatU?Q_DL=OqTBDsvaWlRLyNs_2taVOzuxlLXsatU_MLRP_9Sr8LD9xEFOp1mm&Q_CHL=gl,6/30/22 9:40
1261,Email Not Sent Yet,,https://duke.qualtrics.com/jfe/form/SV_2taVOzuxlLXsatU?Q_DL=OqTBDsvaWlRLyNs_2taVOzuxlLXsatU_MLRP_9tvl5QJWZ8JV0IS&Q_CHL=gl,6/30/22 9:40
1270,Email Not Sent Yet,,https://duke.qualtrics.com/jfe/form/SV_2taVOzuxlLXsatU?Q_DL=OqTBDsvaWlRLyNs_2taVOzuxlLXsatU_MLRP_3E6RCryF2hpA8Ie&Q_CHL=gl,6/30/22 9:40
1316,Email Not Sent Yet,,https://duke.qualtrics.com/jfe/form/SV_2taVOzuxlLXsatU?Q_DL=OqTBDsvaWlRLyNs_2taVOzuxlLXsatU_MLRP_80rMwjNNZWaddhs&Q_CHL=gl,6/30/22 9:40
1317,Email Not Sent Yet,,https://duke.qualtrics.com/jfe/form/SV_2taVOzuxlLXsatU?Q_DL=OqTBDsvaWlRLyNs_2taVOzuxlLXsatU_MLRP_0q7arvbhqfdzKPY&Q_CHL=gl,6/30/22 9:40
1340,Email Not Sent Yet,,https://duke.qualtrics.com/jfe/form/SV_2taVOzuxlLXsatU?Q_DL=OqTBDsvaWlRLyNs_2taVOzuxlLXsatU_MLRP_3eKaJ2UFBjVVTO6&Q_CHL=gl,6/30/22 9:40
1358,Email Not Sent Yet,,https://duke.qualtrics.com/jfe/form/SV_2taVOzuxlLXsatU?Q_DL=OqTBDsvaWlRLyNs_2taVOzuxlLXsatU_MLRP_ekBDEE2SqiGlRBA&Q_CHL=gl,6/30/22 9:40
1359,Email Not Sent Yet,,https://duke.qualtrics.com/jfe/form/SV_2taVOzuxlLXsatU?Q_DL=OqTBDsvaWlRLyNs_2taVOzuxlLXsatU_MLRP_9nUIAlk74jQFSxU&Q_CHL=gl,6/30/22 9:40
1363,Email Not Sent Yet,,https://duke.qualtrics.com/jfe/form/SV_2taVOzuxlLXsatU?Q_DL=OqTBDsvaWlRLyNs_2taVOzuxlLXsatU_MLRP_6llYjCuadgtJmSi&Q_CHL=gl,6/30/22 9:40
1366,Email Not Sent Yet,,https://duke.qualtrics.com/jfe/form/SV_2taVOzuxlLXsatU?Q_DL=OqTBDsvaWlRLyNs_2taVOzuxlLXsatU_MLRP_erLc9vu8aQvUEOW&Q_CHL=gl,6/30/22 9:40
1376,Email Not Sent Yet,,https://duke.qualtrics.com/jfe/form/SV_2taVOzuxlLXsatU?Q_DL=OqTBDsvaWlRLyNs_2taVOzuxlLXsatU_MLRP_0uCABSK01pCbdfE&Q_CHL=gl,6/30/22 9:40
1378,Email Not Sent Yet,,https://duke.qualtrics.com/jfe/form/SV_2taVOzuxlLXsatU?Q_DL=OqTBDsvaWlRLyNs_2taVOzuxlLXsatU_MLRP_esK7SS0HYtzTNoW&Q_CHL=gl,6/30/22 9:40
1400,Email Not Sent Yet,,https://duke.qualtrics.com/jfe/form/SV_2taVOzuxlLXsatU?Q_DL=OqTBDsvaWlRLyNs_2taVOzuxlLXsatU_MLRP_85OepPobxS4lci2&Q_CHL=gl,6/30/22 9:40
1453,Email Not Sent Yet,,https://duke.qualtrics.com/jfe/form/SV_2taVOzuxlLXsatU?Q_DL=OqTBDsvaWlRLyNs_2taVOzuxlLXsatU_MLRP_87wOxJKt7IJwDwW&Q_CHL=gl,6/30/22 9:40
1468,Email Not Sent Yet,,https://duke.qualtrics.com/jfe/form/SV_2taVOzuxlLXsatU?Q_DL=OqTBDsvaWlRLyNs_2taVOzuxlLXsatU_MLRP_db9cTOkMOJ7LUmq&Q_CHL=gl,6/30/22 9:40
1485,Email Not Sent Yet,,https://duke.qualtrics.com/jfe/form/SV_2taVOzuxlLXsatU?Q_DL=OqTBDsvaWlRLyNs_2taVOzuxlLXsatU_MLRP_3ltGLCVSLjMVw4m&Q_CHL=gl,6/30/22 9:40
1486,Email Not Sent Yet,,https://duke.qualtrics.com/jfe/form/SV_2taVOzuxlLXsatU?Q_DL=OqTBDsvaWlRLyNs_2taVOzuxlLXsatU_MLRP_3CwQxBpnw2m8jem&Q_CHL=gl,6/30/22 9:40
1513,Email Not Sent Yet,,https://duke.qualtrics.com/jfe/form/SV_2taVOzuxlLXsatU?Q_DL=OqTBDsvaWlRLyNs_2taVOzuxlLXsatU_MLRP_7X61GVsOKPrYEHI&Q_CHL=gl,6/30/22 9:40
1522,Email Not Sent Yet,,https://duke.qualtrics.com/jfe/form/SV_2taVOzuxlLXsatU?Q_DL=OqTBDsvaWlRLyNs_2taVOzuxlLXsatU_MLRP_8IyWYUi6lo77yh8&Q_CHL=gl,6/30/22 9:40
1538,Email Not Sent Yet,,https://duke.qualtrics.com/jfe/form/SV_2taVOzuxlLXsatU?Q_DL=OqTBDsvaWlRLyNs_2taVOzuxlLXsatU_MLRP_d0G7QN1X2ipJTyC&Q_CHL=gl,6/30/22 9:40
1561,Email Not Sent Yet,,https://duke.qualtrics.com/jfe/form/SV_2taVOzuxlLXsatU?Q_DL=OqTBDsvaWlRLyNs_2taVOzuxlLXsatU_MLRP_0ca8FK5i8PvyY74&Q_CHL=gl,6/30/22 9:40
1612,Email Not Sent Yet,,https://duke.qualtrics.com/jfe/form/SV_2taVOzuxlLXsatU?Q_DL=OqTBDsvaWlRLyNs_2taVOzuxlLXsatU_MLRP_3OfIPlff5gJbKGa&Q_CHL=gl,6/30/22 9:40
1639,Email Not Sent Yet,,https://duke.qualtrics.com/jfe/form/SV_2taVOzuxlLXsatU?Q_DL=OqTBDsvaWlRLyNs_2taVOzuxlLXsatU_MLRP_doNjDEPYtTD8iKG&Q_CHL=gl,6/30/22 9:40
1668,Email Not Sent Yet,,https://duke.qualtrics.com/jfe/form/SV_2taVOzuxlLXsatU?Q_DL=OqTBDsvaWlRLyNs_2taVOzuxlLXsatU_MLRP_eX5MuHctibGh31A&Q_CHL=gl,6/30/22 9:40
1737,Email Not Sent Yet,,https://duke.qualtrics.com/jfe/form/SV_2taVOzuxlLXsatU?Q_DL=OqTBDsvaWlRLyNs_2taVOzuxlLXsatU_MLRP_5uRzcKze6IvOtKK&Q_CHL=gl,6/30/22 9:40
1739,Email Not Sent Yet,,https://duke.qualtrics.com/jfe/form/SV_2taVOzuxlLXsatU?Q_DL=OqTBDsvaWlRLyNs_2taVOzuxlLXsatU_MLRP_dd5dPXtBwIv1BUq&Q_CHL=gl,6/30/22 9:40
1749,Email Not Sent Yet,,https://duke.qualtrics.com/jfe/form/SV_2taVOzuxlLXsatU?Q_DL=OqTBDsvaWlRLyNs_2taVOzuxlLXsatU_MLRP_af3uawQg3OfJtzM&Q_CHL=gl,6/30/22 9:40
1751,Email Not Sent Yet,,https://duke.qualtrics.com/jfe/form/SV_2taVOzuxlLXsatU?Q_DL=OqTBDsvaWlRLyNs_2taVOzuxlLXsatU_MLRP_dhdoFcYja1oeic6&Q_CHL=gl,6/30/22 9:40
1766,Email Not Sent Yet,,https://duke.qualtrics.com/jfe/form/SV_2taVOzuxlLXsatU?Q_DL=OqTBDsvaWlRLyNs_2taVOzuxlLXsatU_MLRP_6nV3MLfkoUrh5Nc&Q_CHL=gl,6/30/22 9:40
1038,Email Not Sent Yet,,https://duke.qualtrics.com/jfe/form/SV_2taVOzuxlLXsatU?Q_DL=OqTBDsvaWlRLyNs_2taVOzuxlLXsatU_MLRP_blTsN7CRHcUaLem&Q_CHL=gl,6/30/22 9:40
1042,Email Not Sent Yet,,https://duke.qualtrics.com/jfe/form/SV_2taVOzuxlLXsatU?Q_DL=OqTBDsvaWlRLyNs_2taVOzuxlLXsatU_MLRP_b113bs6fscb9xWK&Q_CHL=gl,6/30/22 9:40
1111,Email Not Sent Yet,,https://duke.qualtrics.com/jfe/form/SV_2taVOzuxlLXsatU?Q_DL=OqTBDsvaWlRLyNs_2taVOzuxlLXsatU_MLRP_2uBZbYT5Tb9Hljw&Q_CHL=gl,6/30/22 9:40
1131,Email Not Sent Yet,,https://duke.qualtrics.com/jfe/form/SV_2taVOzuxlLXsatU?Q_DL=OqTBDsvaWlRLyNs_2taVOzuxlLXsatU_MLRP_3DBtx03K23y1W4e&Q_CHL=gl,6/30/22 9:40
1133,Email Not Sent Yet,,https://duke.qualtrics.com/jfe/form/SV_2taVOzuxlLXsatU?Q_DL=OqTBDsvaWlRLyNs_2taVOzuxlLXsatU_MLRP_4VKO55qhqWA1qbs&Q_CHL=gl,6/30/22 9:40
1201,Email Not Sent Yet,,https://duke.qualtrics.com/jfe/form/SV_2taVOzuxlLXsatU?Q_DL=OqTBDsvaWlRLyNs_2taVOzuxlLXsatU_MLRP_bwRXMhJH4HaVRqe&Q_CHL=gl,6/30/22 9:40
1204,Email Not Sent Yet,,https://duke.qualtrics.com/jfe/form/SV_2taVOzuxlLXsatU?Q_DL=OqTBDsvaWlRLyNs_2taVOzuxlLXsatU_MLRP_9SMU0BrtkwULmhE&Q_CHL=gl,6/30/22 9:40
1252,Email Not Sent Yet,,https://duke.qualtrics.com/jfe/form/SV_2taVOzuxlLXsatU?Q_DL=OqTBDsvaWlRLyNs_2taVOzuxlLXsatU_MLRP_diD7mLc4Dtjm16e&Q_CHL=gl,6/30/22 9:40
1255,Email Not Sent Yet,,https://duke.qualtrics.com/jfe/form/SV_2taVOzuxlLXsatU?Q_DL=OqTBDsvaWlRLyNs_2taVOzuxlLXsatU_MLRP_ddlq4DP8QqfI0bI&Q_CHL=gl,6/30/22 9:40
1287,Email Not Sent Yet,,https://duke.qualtrics.com/jfe/form/SV_2taVOzuxlLXsatU?Q_DL=OqTBDsvaWlRLyNs_2taVOzuxlLXsatU_MLRP_4TpPXBPWmAcvSzc&Q_CHL=gl,6/30/22 9:40
1327,Email Not Sent Yet,,https://duke.qualtrics.com/jfe/form/SV_2taVOzuxlLXsatU?Q_DL=OqTBDsvaWlRLyNs_2taVOzuxlLXsatU_MLRP_dd9pZIeDSCk69vM&Q_CHL=gl,6/30/22 9:40
1329,Email Not Sent Yet,,https://duke.qualtrics.com/jfe/form/SV_2taVOzuxlLXsatU?Q_DL=OqTBDsvaWlRLyNs_2taVOzuxlLXsatU_MLRP_9LhIBluEGg8uAXY&Q_CHL=gl,6/30/22 9:40
1330,Email Not Sent Yet,,https://duke.qualtrics.com/jfe/form/SV_2taVOzuxlLXsatU?Q_DL=OqTBDsvaWlRLyNs_2taVOzuxlLXsatU_MLRP_1Ffg1U2dsUfNY9w&Q_CHL=gl,6/30/22 9:40
1334,Email Not Sent Yet,,https://duke.qualtrics.com/jfe/form/SV_2taVOzuxlLXsatU?Q_DL=OqTBDsvaWlRLyNs_2taVOzuxlLXsatU_MLRP_1AZBslTG5EJ6RPo&Q_CHL=gl,6/30/22 9:40
1364,Email Not Sent Yet,,https://duke.qualtrics.com/jfe/form/SV_2taVOzuxlLXsatU?Q_DL=OqTBDsvaWlRLyNs_2taVOzuxlLXsatU_MLRP_79ZjFiyCboUKLQ2&Q_CHL=gl,6/30/22 9:40
1391,Email Not Sent Yet,,https://duke.qualtrics.com/jfe/form/SV_2taVOzuxlLXsatU?Q_DL=OqTBDsvaWlRLyNs_2taVOzuxlLXsatU_MLRP_6RaRn8CUTpn3rQG&Q_CHL=gl,6/30/22 9:40
1401,Email Not Sent Yet,,https://duke.qualtrics.com/jfe/form/SV_2taVOzuxlLXsatU?Q_DL=OqTBDsvaWlRLyNs_2taVOzuxlLXsatU_MLRP_0c6hoLkXu6So5Om&Q_CHL=gl,6/30/22 9:40
1452,Email Not Sent Yet,,https://duke.qualtrics.com/jfe/form/SV_2taVOzuxlLXsatU?Q_DL=OqTBDsvaWlRLyNs_2taVOzuxlLXsatU_MLRP_5uKlcvBmhzIwP78&Q_CHL=gl,6/30/22 9:40
1455,Email Not Sent Yet,,https://duke.qualtrics.com/jfe/form/SV_2taVOzuxlLXsatU?Q_DL=OqTBDsvaWlRLyNs_2taVOzuxlLXsatU_MLRP_b32UH3EiICyNJrg&Q_CHL=gl,6/30/22 9:40
1456,Email Not Sent Yet,,https://duke.qualtrics.com/jfe/form/SV_2taVOzuxlLXsatU?Q_DL=OqTBDsvaWlRLyNs_2taVOzuxlLXsatU_MLRP_abjzuKczM0e8MSO&Q_CHL=gl,6/30/22 9:40
1458,Email Not Sent Yet,,https://duke.qualtrics.com/jfe/form/SV_2taVOzuxlLXsatU?Q_DL=OqTBDsvaWlRLyNs_2taVOzuxlLXsatU_MLRP_7ODrfiYyp4yntr0&Q_CHL=gl,6/30/22 9:40
1480,Email Not Sent Yet,,https://duke.qualtrics.com/jfe/form/SV_2taVOzuxlLXsatU?Q_DL=OqTBDsvaWlRLyNs_2taVOzuxlLXsatU_MLRP_eIIa0CYabuUuv4y&Q_CHL=gl,6/30/22 9:40
1511,Email Not Sent Yet,,https://duke.qualtrics.com/jfe/form/SV_2taVOzuxlLXsatU?Q_DL=OqTBDsvaWlRLyNs_2taVOzuxlLXsatU_MLRP_cI6fsPiDI3BmQ6y&Q_CHL=gl,6/30/22 9:40
1526,Email Not Sent Yet,,https://duke.qualtrics.com/jfe/form/SV_2taVOzuxlLXsatU?Q_DL=OqTBDsvaWlRLyNs_2taVOzuxlLXsatU_MLRP_6KlQhmweVYR6tAq&Q_CHL=gl,6/30/22 9:40
1542,Email Not Sent Yet,,https://duke.qualtrics.com/jfe/form/SV_2taVOzuxlLXsatU?Q_DL=OqTBDsvaWlRLyNs_2taVOzuxlLXsatU_MLRP_eX8kz6UesTnMOSW&Q_CHL=gl,6/30/22 9:40
1553,Email Not Sent Yet,,https://duke.qualtrics.com/jfe/form/SV_2taVOzuxlLXsatU?Q_DL=OqTBDsvaWlRLyNs_2taVOzuxlLXsatU_MLRP_55vxP0jfefZVDme&Q_CHL=gl,6/30/22 9:40
1568,Email Not Sent Yet,,https://duke.qualtrics.com/jfe/form/SV_2taVOzuxlLXsatU?Q_DL=OqTBDsvaWlRLyNs_2taVOzuxlLXsatU_MLRP_0OleulFlWnMYq6a&Q_CHL=gl,6/30/22 9:40
1622,Email Not Sent Yet,,https://duke.qualtrics.com/jfe/form/SV_2taVOzuxlLXsatU?Q_DL=OqTBDsvaWlRLyNs_2taVOzuxlLXsatU_MLRP_ddplaQHqMhVck7k&Q_CHL=gl,6/30/22 9:40
1641,Email Not Sent Yet,,https://duke.qualtrics.com/jfe/form/SV_2taVOzuxlLXsatU?Q_DL=OqTBDsvaWlRLyNs_2taVOzuxlLXsatU_MLRP_aXJTdxC8PHLhxk2&Q_CHL=gl,6/30/22 9:40
1690,Email Not Sent Yet,,https://duke.qualtrics.com/jfe/form/SV_2taVOzuxlLXsatU?Q_DL=OqTBDsvaWlRLyNs_2taVOzuxlLXsatU_MLRP_4IKM7qkVOkJJq3s&Q_CHL=gl,6/30/22 9:40
1729,Email Not Sent Yet,,https://duke.qualtrics.com/jfe/form/SV_2taVOzuxlLXsatU?Q_DL=OqTBDsvaWlRLyNs_2taVOzuxlLXsatU_MLRP_6ePUiq1s9R0kHD8&Q_CHL=gl,6/30/22 9:40